Top queries,Clicks,Impressions,CTR,Position
uagc masters programs,856,18196,4.7%,2.77
university of arizona global campus degrees,545,43106,1.26%,2.63
university of arizona global campus,444,105547,0.42%,3.64
uagc mba,396,5921,6.69%,4.49
university of arizona global campus mba,266,2448,10.87%,5.34
uagc emphasis,251,4159,6.04%,15.11
uagc masters degrees,236,7245,3.26%,4.16
uagc,226,158858,0.14%,4.23
university of arizona global campus masters degrees,174,5585,3.12%,3.04
uagc degrees,155,18261,0.85%,1.51
university of arizona global campus master's programs,155,7918,1.96%,5.66
uagc mba program,150,1019,14.72%,3.66
uagc bachelor degrees,147,3678,4%,1.73
uagc business administration,147,1916,7.67%,10.74
uagc masters,135,4015,3.36%,1.86
uagc psychology,134,1635,8.2%,6.16
uagc associates degrees,129,8338,1.55%,4.77
university of arizona rn to bsn,99,400,24.75%,1.05
the university of arizona global campus,87,44188,0.2%,2.98
uagc certificate programs,86,10189,0.84%,4.41
uagc organizational management,84,564,14.89%,7.4
child development degree,78,13042,0.6%,19.9
degree comparison tool,78,524,14.89%,4.37
uagc cyber security,74,587,12.61%,10.71
university of arizona global,71,17843,0.4%,1.03
ashford university,70,56221,0.12%,7.9
uagc majors,68,5275,1.29%,7.75
arizona global campus,67,25189,0.27%,3.26
online child development degree,66,5638,1.17%,22.25
uagc degree programs,65,13454,0.48%,2.2
mism,64,46789,0.14%,7.15
uagc online degrees,62,4756,1.3%,1.18
uagc healthcare administration,59,423,13.95%,4.16
uagc criminal justice,57,545,10.46%,3.36
uagc masters in psychology,57,429,13.29%,13.94
uagc project management,55,286,19.23%,7.18
uagc programs,54,9295,0.58%,1.47
instructional design degree online,54,6559,0.82%,17.32
uagc graduate programs,54,1255,4.3%,2.44
university of arizona associate's degree,53,190,27.89%,1.22
instructional design bachelor's degree,52,1461,3.56%,1.87
child development degree online,51,5358,0.95%,19.05
university of arizona online masters,50,6127,0.82%,4.02
uagc human resources,49,390,12.56%,2.06
online liberal arts degree,47,12709,0.37%,17.71
uagc finance,47,896,5.25%,2.73
u of a global campus,46,5928,0.78%,1.93
university of arizona sports psychology,44,159,27.67%,2.21
uagc master programs,43,559,7.69%,1.77
uagc masters in organizational management,41,1048,3.91%,15.46
bachelor's degree in instructional design,41,548,7.48%,1.74
organizational management degree,40,9158,0.44%,6.99
phd in organizational development and leadership,40,1571,2.55%,2.73
bachelors in instructional design,40,800,5%,1.83
university of arizona masters in psychology,39,560,6.96%,4.67
degree in instructional design,38,2303,1.65%,8.86
uagc business degrees,38,470,8.09%,2.15
operations management and analysis,38,373,10.19%,1.8
masters in organizational management,37,4756,0.78%,3.61
instructional design bachelor's degree online,37,1322,2.8%,9.55
ashford university online,34,52708,0.06%,3.6
liberal arts degree online,34,7424,0.46%,14.4
computer software technology,33,2076,1.59%,2.82
u of a rn to bsn,32,229,13.97%,2.4
uofa global campus,31,3651,0.85%,1.54
university of arizona human resources degree,30,217,13.82%,2.71
instructional design degree,29,5401,0.54%,29.05
university of arizona information technology,29,434,6.68%,4.57
compare degrees,28,442,6.33%,5.5
uagc nursing program,28,66,42.42%,1.52
ashford university organizational management,27,1492,1.81%,3.14
university of arizona psychology masters,27,441,6.12%,4.95
masters in psychology,26,11581,0.22%,48.42
ashford university masters programs,26,6238,0.42%,1.1
arizona global campus degrees,26,3972,0.65%,2.33
uagc accounting,26,148,17.57%,3.96
phd organizational development,25,2647,0.94%,7.59
ashford university mba,25,1746,1.43%,4.43
child development bachelor degree online,25,1570,1.59%,12.15
liberal arts online degree,23,2853,0.81%,9.83
masters in human services online,23,2545,0.9%,15.64
master's degree in organizational management,23,626,3.67%,2.28
cyber security degree,22,22375,0.1%,31.95
business administration degree,22,21770,0.1%,32.1
ba in marketing,22,5940,0.37%,5.78
uagc bachelor's degree,22,2780,0.79%,8.19
uagc courses,21,7793,0.27%,1.64
phd in organizational development,21,1293,1.62%,7.48
rn to bsn,20,3046,0.66%,35.19
maom degree,20,1429,1.4%,2.93
child development online degree,20,748,2.67%,8.45
operations management degree,19,11327,0.17%,19.23
uagc education degree,19,10390,0.18%,1.42
online master's programs,19,9880,0.19%,39.47
doctorate in sports psychology online,19,829,2.29%,5.6
ashford university early childhood education,19,802,2.37%,4.18
ba in operations management and analysis,19,300,6.33%,1.28
online masters in psychology,18,20247,0.09%,54.1
arizona global,18,4554,0.4%,1.83
business leadership degree,18,4102,0.44%,6.47
ua global campus,18,2798,0.64%,1.23
online masters in technology management,18,1551,1.16%,4.5
rn to bsn arizona,18,1274,1.41%,4.45
masters in technology management online,17,3704,0.46%,3.22
bachelor's degree instructional design,17,269,6.32%,1.67
instructional design online degree,16,1345,1.19%,16.1
masters of organizational management,16,555,2.88%,2.92
online phd organizational development,16,324,4.94%,6.66
uagc early childhood education,16,214,7.48%,4.65
university of arizona global campus masters,16,129,12.4%,1
masters in human resources online,15,6874,0.22%,40.01
masters in human services,15,4903,0.31%,31.24
child development bachelor degree,15,4573,0.33%,28.64
master of arts in organizational management,15,1005,1.49%,1.35
performance psychology phd,15,955,1.57%,8.56
post baccalaureate teacher certification online,15,887,1.69%,6.24
ba in child development,15,735,2.04%,4.96
uofa cyber security,15,664,2.26%,4.84
ma in organizational management,15,217,6.91%,1.76
bachelor of arts in finance,14,4852,0.29%,6.66
online masters in human services,14,4476,0.31%,18.94
ba marketing,14,4215,0.33%,6.07
university of arizona cyber security,14,2073,0.68%,5.72
bachelor of arts in homeland security and emergency management,14,2001,0.7%,2.79
university of arizona project management,14,1025,1.37%,7.2
ba in project management,14,671,2.09%,5.12
technology management masters online,14,445,3.15%,4.78
organizational management masters degree,14,408,3.43%,3.87
cyber and data security technology,14,342,4.09%,1.85
doctorate in human services,13,2499,0.52%,10.67
bachelor's degree in child development,13,1995,0.65%,27.72
bachelor of arts in organizational management,13,1930,0.67%,1.43
computer software technology degree,13,838,1.55%,2.52
phd sports psychology online,13,586,2.22%,5.39
online masters technology management,13,300,4.33%,4.33
uagc mba ranking,13,292,4.45%,5.67
online associate degree,12,4942,0.24%,70.26
ma in psychology,12,2016,0.6%,33.71
ba project management,12,1146,1.05%,4.31
organizational management masters,12,1061,1.13%,3.97
online master's in human resources,12,717,1.67%,29.18
uagc degree plans,12,622,1.93%,2.8
ba organizational management,12,275,4.36%,1.61
bachelor of arts in marketing,11,4197,0.26%,5.22
ashford university degrees,11,3736,0.29%,2.52
operations management degree online,11,3406,0.32%,10.56
childhood development degree,11,2699,0.41%,13.98
uagc degree,11,2536,0.43%,2.68
bachelor's in child development,11,2316,0.47%,19.16
masters in finance online,11,1967,0.56%,38.13
masters human resources online,11,1779,0.62%,34.22
uagc electives,11,1577,0.7%,44.64
mism degree,11,1094,1.01%,5.34
bs in computer software technology,11,249,4.42%,1.66
online phd sports psychology,11,239,4.6%,5.9
phd criminology online,11,206,5.34%,19.98
instructional design university,11,171,6.43%,18.65
uagc computer science,11,70,15.71%,2.19
marketing degree,10,23877,0.04%,42.46
instructional design,10,5532,0.18%,35.11
university of arizona global campus degree,10,4427,0.23%,1.6
compare online college degrees,10,3210,0.31%,5
ba in finance,10,3069,0.33%,11.64
degree in child development,10,2480,0.4%,18
university of arizona global campus programs,10,1844,0.54%,1.59
university of arizona global campus (uagc),10,1331,0.75%,2.57
university of arizona global campus mba ranking,10,997,1%,10.28
uagc phd programs,10,923,1.08%,28.81
bachelor of arts in operations management and analysis,10,819,1.22%,2.26
ba in social and criminal justice,10,796,1.26%,1.78
ba in organizational management,10,605,1.65%,2.2
university of arizona global campus masters program,10,561,1.78%,1.21
rn to bsn programs arizona,10,529,1.89%,5.04
organizational development doctoral programs,10,264,3.79%,5.36
doctorate organizational development,10,253,3.95%,7.58
uagc psyd,10,198,5.05%,6.69
sports psychology phd programs online,10,187,5.35%,10.08
masters in psychology online,9,19284,0.05%,56.18
online bachelor's degree,9,9962,0.09%,81.81
associate degree,9,7636,0.12%,39.26
uagc online,9,6756,0.13%,2.33
uagc doctoral programs,9,3469,0.26%,15.21
bachelor of arts in child development,9,2010,0.45%,6.31
bachelor of arts in human resource management,9,1586,0.57%,5.97
bachelor in child development,9,1530,0.59%,21.16
advanced degree programs,9,1422,0.63%,59.45
online instructional design degree,9,1374,0.66%,16.22
online masters human services,9,908,0.99%,11.62
ms technology management,9,665,1.35%,8.44
rn to bsn programs,9,598,1.51%,47.45
doctorate in human services online,9,346,2.6%,5.94
ba in business leadership,9,218,4.13%,2.06
u of a psychology masters,9,147,6.12%,5.83
university of arizona masters psychology,9,122,7.38%,4.78
psyd criminal psychology,9,101,8.91%,9.32
uagc masters program,9,72,12.5%,1.19
information technology degree,8,18105,0.04%,43.85
online finance degree,8,12945,0.06%,52.84
ashford university online degrees,8,7012,0.11%,3.86
business information systems,8,6747,0.12%,17.82
ba finance,8,3620,0.22%,8.16
online masters psychology,8,2620,0.31%,54.32
ba in human resources,8,2159,0.37%,9.52
online masters in psychology no gre,8,2109,0.38%,8.86
online early childhood education associate degree program,8,1937,0.41%,23.17
online masters human resources,8,1780,0.45%,39.45
ashford mba,8,1733,0.46%,2.56
bachelor's in project management,8,1709,0.47%,24.26
bachelor of arts marketing,8,1680,0.48%,6.11
educational studies degree online,8,1548,0.52%,10.61
associate degree in early childhood education online,8,1465,0.55%,15.02
bachelor of arts in instructional design,8,1396,0.57%,1.65
master's degree in human services online,8,1309,0.61%,7.03
master of information systems management,8,1170,0.68%,11.75
1 year online masters in human resources,8,920,0.87%,15.3
bahrm,8,854,0.94%,4.38
phd organizational development online,8,806,0.99%,5.92
drone cybersecurity,8,722,1.11%,8.24
university of arizona political science,8,621,1.29%,7.36
university of arizona criminology,8,612,1.31%,6.07
masters human services online,8,493,1.62%,7.8
uofa global,8,488,1.64%,1.17
phd criminal justice online,8,435,1.84%,28.7
accelerated early childhood education degree online,8,410,1.95%,21.26
ba in applied behavioral science,8,384,2.08%,4.43
online phd human services,8,364,2.2%,5.28
bahca,8,304,2.63%,3.91
online degree comparison,8,302,2.65%,6.67
instructional design major,8,241,3.32%,3.41
master in technology management online,8,229,3.49%,5.17
university of arizona online masters psychology,8,70,11.43%,3.13
uagc information technology,8,60,13.33%,3.8
university of arizona,7,199911,0%,11.5
hr degree,7,14650,0.05%,40.16
behavioral science degree online,7,9339,0.07%,18.34
arizona online masters,7,7633,0.09%,5.02
masters in human resources,7,6705,0.1%,49.48
ba in accounting,7,6336,0.11%,11.05
project management degree online,7,5797,0.12%,33.12
online masters in finance,7,5533,0.13%,40.75
arizona university global campus,7,3333,0.21%,2.53
masters in hr online,7,2814,0.25%,23.88
associate degrees,7,2774,0.25%,40.85
ms finance online,7,2555,0.27%,36.99
software technology,7,2439,0.29%,23.8
liberal arts bachelor degree online,7,2253,0.31%,19.38
online operations management degree,7,2095,0.33%,10.45
bachelor of science in computer software technology,7,1986,0.35%,1.92
ba human resource management,7,1946,0.36%,16.92
ashford university bachelor degrees,7,1507,0.46%,2.21
marketing ba,7,1104,0.63%,13.26
bachelor's degree in organizational management,7,1076,0.65%,4.19
accelerated liberal arts degree online,7,950,0.74%,4.68
ashford university certificate programs,7,797,0.88%,4.83
uaz global campus,7,768,0.91%,1.61
online doctorate organizational leadership,7,749,0.93%,40.3
child development degrees,7,703,1%,9.22
university of arizona master's programs online,7,652,1.07%,4.54
early childhood education associate's degree online,7,616,1.14%,10.25
phd performance psychology,7,537,1.3%,13.88
health and wellness psychology,7,422,1.66%,8.31
bachelor of organizational management,7,391,1.79%,4.75
ba operations management,7,382,1.83%,3.54
doctor of human services online,7,337,2.08%,4.98
master's in technology management online,7,332,2.11%,5.02
online phd in human services,7,305,2.3%,9.24
organizational development phd,7,286,2.45%,9.39
ba child development,7,212,3.3%,9.91
phd in health and wellness online,7,185,3.78%,11.18
ma human services,7,182,3.85%,4.48
phd in organizational development online,7,148,4.73%,5.43
u of a masters in psychology,7,124,5.65%,4.82
masters in organizational management online,7,122,5.74%,1.69
business administration,6,74938,0.01%,11.42
health information management degree,6,7954,0.08%,54.44
healthcare administration degree,6,7526,0.08%,61.45
online project management degree,6,6513,0.09%,39.01
finance degree,6,5955,0.1%,57.2
u of a online masters,6,5307,0.11%,3.91
health and human services degree,6,4486,0.13%,17.54
bachelor of arts in accounting,6,3942,0.15%,8.54
doctorate in organizational development,6,3745,0.16%,7.52
university of arizona online mba,6,3704,0.16%,8.22
masters in instructional design,6,2121,0.28%,54.24
organizational management degree online,6,2034,0.29%,9.9
arizona university online masters,6,1943,0.31%,5.28
online phd criminal justice,6,1573,0.38%,31.85
degree in operations management,6,1445,0.42%,8.43
masters of psychology,6,1278,0.47%,33.49
ashford university graduate programs,6,1212,0.5%,3.77
rn to bsn programs in arizona,6,927,0.65%,4.77
human services masters,6,923,0.65%,13.93
ba marketing degree,6,922,0.65%,8.42
master in finance online,6,845,0.71%,40.03
degree in organizational management,6,844,0.71%,6.3
bachelor's in organizational management,6,725,0.83%,4.38
online degree in instructional design,6,699,0.86%,6.73
instructional designer degree,6,621,0.97%,9.44
university of arizona cybersecurity,6,579,1.04%,5.57
masters in education,6,540,1.11%,11.54
master psychology online,6,538,1.12%,48.05
master of organizational management,6,536,1.12%,4.32
ba in health and human services,6,533,1.13%,8.57
real estate bachelor degree online,6,474,1.27%,14.22
online doctorate in criminal justice,6,463,1.3%,22.03
doctorate in criminal justice online,6,426,1.41%,21.93
online business information systems degree,6,394,1.52%,4.9
master in organizational management,6,358,1.68%,3.07
arizona rn to bsn,6,334,1.8%,3.72
organizational management masters degree online,6,301,1.99%,3.15
arizona cyber security,6,293,2.05%,7.97
bachelor's in child development online,6,211,2.84%,6.17
early childhood administration degree,6,210,2.86%,8.75
liberal arts degree online free,6,174,3.45%,8.08
online master technology management,6,171,3.51%,5.72
online master's in human services,6,168,3.57%,13.35
degree comparison,6,144,4.17%,8.99
phd organizational development and leadership,6,127,4.72%,2.69
hr master's programs online,6,124,4.84%,18.06
health psychology degree online,6,88,6.82%,7.32
master of arts organizational management,6,65,9.23%,1.57
mba uagc,6,24,25%,1.46
doctor of criminal justice online,6,20,30%,16.55
augc,5,26670,0.02%,2.18
ugac,5,24612,0.02%,4.75
online masters in human resources,5,14079,0.04%,50.13
online masters programs,5,13193,0.04%,44.27
online masters degree,5,13003,0.04%,74.21
online masters,5,12088,0.04%,71.75
early childhood education degree online,5,8310,0.06%,65.65
uagc.edu,5,8256,0.06%,1.24
business degrees,5,6148,0.08%,36.44
uagc master's programs,5,6137,0.08%,2.55
associate's degree,5,4569,0.11%,22.32
online associate degree programs,5,4427,0.11%,67.67
phd organizational leadership,5,3359,0.15%,32.79
bachelors in child development,5,3350,0.15%,21.27
bachelor of arts in health care administration,5,3113,0.16%,13.13
ashford university degree programs,5,3075,0.16%,3.09
bachelor degree in child development,5,2911,0.17%,29.36
masters in technology management,5,2848,0.18%,20.02
university of arizona mba online,5,2609,0.19%,6.06
master of arts in psychology,5,2574,0.19%,36.42
university of arizona certificate programs,5,2573,0.19%,7.52
university of arizona mba,5,2533,0.2%,7.84
ashford university business administration degree,5,2399,0.21%,1.9
health administration degree,5,2301,0.22%,65.42
nurturer,5,2256,0.22%,8.8
business intelligence degree,5,2198,0.23%,29.58
online health and wellness degree,5,2172,0.23%,23.07
child development major,5,2135,0.23%,19.55
online phd organizational leadership,5,1812,0.28%,43.56
bs information technology,5,1694,0.3%,26.91
university of arizona masters online,5,1689,0.3%,4.08
real estate degree online,5,1641,0.3%,20.55
ashford university education degree,5,1278,0.39%,2.9
online masters finance,5,1271,0.39%,36.34
health information management bachelor degree,5,1178,0.42%,20.71
online sports psychology degree,5,1173,0.43%,31.81
phd in organizational leadership,5,1100,0.45%,33.34
online masters in instructional design and technology,5,1073,0.47%,25.27
drone cyber security,5,956,0.52%,8.41
human services masters online,5,916,0.55%,13.75
university of az global campus,5,895,0.56%,2.41
post baccalaureate teacher certification arizona,5,895,0.56%,5.12
social and criminal justice degree,5,871,0.57%,4.08
online ms finance,5,858,0.58%,39.55
master of science in health informatics and analytics,5,833,0.6%,7.17
university of arizona early childhood education,5,802,0.62%,5.29
ma psychology,5,790,0.63%,36.34
ba in homeland security and emergency management,5,761,0.66%,7.07
masters finance online,5,721,0.69%,29.21
bachelor of arts accounting,5,670,0.75%,8.49
doctorate in criminal psychology,5,629,0.79%,9.83
uagc login,5,623,0.8%,24.63
degree finder,5,548,0.91%,24.25
ba in human resource management,5,543,0.92%,17.03
performance psychology degree,5,507,0.99%,21.03
masters organizational management,5,500,1%,2.78
university of arizona ms finance,5,492,1.02%,4.56
drones and cyber security,5,418,1.2%,10.35
master's in human resources online,5,368,1.36%,23.35
doctorate in organizational development online,5,330,1.52%,7.66
masters in psychology programs,5,292,1.71%,51.86
university of arizona global campus psyd,5,247,2.02%,6.95
online doctoral programs in human services,5,226,2.21%,6.38
liberal arts associate degree online,5,226,2.21%,14.34
comparing degrees,5,205,2.44%,12.13
business information systems online degree,5,180,2.78%,6.09
him degrees,5,179,2.79%,8.89
asu associates degree,5,176,2.84%,7.7
business information systems degree online,5,171,2.92%,5.25
organizational development phd online,5,167,2.99%,6.76
ma organizational management,5,112,4.46%,1.65
online liberal arts associate's degree,5,100,5%,9.87
university of arizona teaching certificate,5,99,5.05%,5.89
master's in human services online,5,75,6.67%,7.19
phd in organizational development and change,5,73,6.85%,11.67
psyd sports psychology,5,52,9.62%,8.38
sport psychology phd,5,31,16.13%,28.29
associate degree early childhood education online,5,30,16.67%,7.6
university of arizona online degrees,4,59597,0.01%,3.31
business degree,4,26615,0.02%,40.05
bachelor's degree,4,22004,0.02%,19.52
it degree,4,15695,0.03%,44.93
asu global campus,4,9197,0.04%,2.28
healthcare administration,4,5774,0.07%,34.02
bachelor's degree in human resources,4,4354,0.09%,30.07
ba in healthcare administration,4,3118,0.13%,10.43
early childhood education online,4,2949,0.14%,71.81
uofa masters programs,4,2936,0.14%,9.41
business leadership,4,2681,0.15%,28.45
uagc classes,4,2083,0.19%,4.3
online masters in hr,4,2013,0.2%,37.31
ba accounting,4,1848,0.22%,9.76
operation management degree,4,1824,0.22%,11.93
performance psychology,4,1756,0.23%,44.16
master of finance online,4,1580,0.25%,33.93
bachelor's in finance,4,1498,0.27%,55.73
accounting ba,4,1449,0.28%,30.82
operations management online degree,4,1396,0.29%,9.83
bachelor's degree in operations management,4,1370,0.29%,11.34
best online early childhood education associate degree program,4,1339,0.3%,13.58
operations degree,4,1337,0.3%,17.42
masters degree in organizational management,4,1222,0.33%,1.99
operations management degrees,4,1208,0.33%,8.44
master of technology management online,4,1190,0.34%,12.39
u of a online masters programs,4,1153,0.35%,3.88
the university of arizona global,4,1132,0.35%,1.09
university of arizona online graduate programs,4,1035,0.39%,5.71
bachelors in business leadership,4,972,0.41%,3.59
technology management masters,4,966,0.41%,17.16
university of arizona global campus doctoral programs,4,939,0.43%,20.39
accelerated marketing degree,4,922,0.43%,13.16
master of science in technology management,4,887,0.45%,11.38
health information management,4,872,0.46%,42.42
human services master's degree online,4,830,0.48%,11.77
online degree instructional design,4,823,0.49%,16.5
rn to bsn online,4,782,0.51%,61.58
bachelor of arts in business leadership,4,737,0.54%,1.27
arizona state global campus,4,725,0.55%,2.13
masters human services,4,710,0.56%,30.97
information security degrees,4,667,0.6%,14.55
mha online,4,623,0.64%,43.39
masters in health informatics and analytics,4,622,0.64%,10.65
phd human services online,4,551,0.73%,5.26
phd sports psychology,4,543,0.74%,29.14
ashford university business degree,4,516,0.78%,2.46
degree instructional design,4,516,0.78%,10.24
master of science in instructional design and technology,4,514,0.78%,23.49
masters technology management online,4,501,0.8%,3.87
online phd health psychology,4,485,0.82%,13.98
global campus university of arizona,4,467,0.86%,1.89
uofa finance major,4,462,0.87%,5.68
ms technology management online,4,453,0.88%,5.35
instructional design masters,4,452,0.88%,62.97
ma in human services,4,443,0.9%,7.14
business administration university of arizona,4,416,0.96%,6.79
online master's degree human resources,4,408,0.98%,33.78
online technology management masters,4,386,1.04%,4.22
master in human services online,4,379,1.06%,14.89
sports psychology phd programs,4,351,1.14%,29.1
data security degree,4,348,1.15%,6.11
online phd criminology,4,302,1.32%,20.62
organizational management master's degree,4,294,1.36%,2.2
university of arizona online psychology,4,287,1.39%,5.67
online master in finance,4,256,1.56%,39.86
organizational development doctorate,4,255,1.57%,5.45
organization management degree,4,255,1.57%,5.95
doctorate in criminology online,4,236,1.69%,9.58
post baccalaureate teacher certification,4,223,1.79%,23.86
child development degree requirements,4,222,1.8%,8.91
information systems management masters,4,206,1.94%,12.49
bachelor degree organizational management,4,198,2.02%,4.98
phd in leadership and organizational development,4,197,2.03%,5.27
university of arizona global campus bachelor's degree,4,182,2.2%,1.54
health information management bachelors,4,181,2.21%,9.62
phd in criminology online,4,175,2.29%,19.06
university of arizona cyber security degree,4,161,2.48%,5.7
compare degree programs,4,160,2.5%,7.24
online master's in technology management,4,153,2.61%,3.86
maecel,4,145,2.76%,2.98
phd in sports psychology online,4,143,2.8%,7.5
ashford university athletics,4,125,3.2%,5.89
criminal psychology phd,4,124,3.23%,15.61
online doctorate criminal justice,4,122,3.28%,26.64
phd in sports psychology,4,109,3.67%,31.36
sports psychology phd,4,96,4.17%,25.06
psyd sports psychology programs,4,90,4.44%,10
does asu have associate's degrees,4,53,7.55%,8.45
post bachelors teaching certificate,4,51,7.84%,9.55
online criminal justice doctorate,4,39,10.26%,20.85
bachelor of instructional design,4,24,16.67%,4.21
licenciatura en sociologia en linea,4,18,22.22%,9.06
online marketing degree,3,16095,0.02%,45.03
human resources degree,3,14986,0.02%,59.57
liberal arts degree,3,14736,0.02%,47.47
masters degree,3,11626,0.03%,32.53
criminal justice degree,3,9881,0.03%,63.63
bachelor's degree in psychology,3,7347,0.04%,47.92
associate degree online,3,5836,0.05%,69.37
bachelor's in business administration,3,5358,0.06%,30.89
health and wellness degree online,3,5307,0.06%,33.6
mha degree,3,5092,0.06%,51.3
project management degree,3,4971,0.06%,50.74
online business degrees,3,4435,0.07%,44.68
degree in cyber security,3,4404,0.07%,24.07
online associate's degree,3,3973,0.08%,65.58
masters psychology online,3,3316,0.09%,56.05
bachelor of arts in healthcare administration,3,2931,0.1%,3.37
online hr masters degree,3,2829,0.11%,52.42
ma psychology online,3,2761,0.11%,44.36
online criminal justice degree,3,2616,0.11%,68.76
early childhood development degree,3,2452,0.12%,47
health information management degree online,3,2372,0.13%,45.47
online mba arizona,3,2312,0.13%,7.2
bachelor of arts in early childhood education,3,2127,0.14%,9.28
homeland security and emergency management degree,3,2115,0.14%,42.43
uagc course catalog,3,2101,0.14%,36.87
applied behavioral science degree,3,2082,0.14%,17.6
ece bachelor's degree,3,2006,0.15%,36.06
early childhood education degree,3,1970,0.15%,49.96
masters in human resource management,3,1924,0.16%,50.35
online phd leadership,3,1918,0.16%,69.25
bachelor of arts in applied behavioral science,3,1889,0.16%,3.32
uc arizona,3,1727,0.17%,9.49
online mha programs,3,1603,0.19%,70.19
ba in hr,3,1578,0.19%,11.8
master of human services,3,1531,0.2%,30.73
masters in healthcare administration,3,1475,0.2%,43.47
computer software degree,3,1458,0.21%,6.78
health care administration degree,3,1397,0.21%,57.24
university of arizona master's programs,3,1335,0.22%,9.11
online ma psychology,3,1316,0.23%,33.29
bachelor's degree in health and human services,3,1277,0.23%,14.09
ba early childhood education online,3,1252,0.24%,44.05
bachelor of arts in project management,3,1216,0.25%,2.75
sport and performance psychology,3,1076,0.28%,31.89
accelerated associates degree online,3,935,0.32%,58.04
bachelor of arts in human resources management,3,924,0.32%,3
masters human resources,3,909,0.33%,40.31
masters in accounting,3,883,0.34%,10.16
ma in psychology online,3,879,0.34%,53.66
university of arizona mph,3,829,0.36%,5.91
online project management degrees,3,799,0.38%,36
doctorate organizational leadership online,3,786,0.38%,50.12
master in human services,3,759,0.4%,28.9
bachelor degree in instructional design,3,732,0.41%,1.61
masters in health informatics,3,719,0.42%,62.2
masters of human services online,3,709,0.42%,11.58
uofa criminal justice,3,701,0.43%,5.93
masters in finance,3,696,0.43%,23.69
organizational management course,3,648,0.46%,8.96
human resources master's programs online,3,600,0.5%,33.75
bachelor of operations management,3,599,0.5%,14.31
master of technology management,3,593,0.51%,35.34
university of arizona finance,3,570,0.53%,8.16
bs health information management,3,568,0.53%,19.79
bachelor of arts finance,3,566,0.53%,8.09
masters healthcare administration,3,558,0.54%,58.94
phd in human services online,3,544,0.55%,7.4
phd in human services,3,526,0.57%,13.54
child development degrees online,3,522,0.57%,7.54
online masters degree in human services,3,508,0.59%,6.89
master finance online,3,508,0.59%,26.53
mshia,3,500,0.6%,9.86
online real estate degree,3,485,0.62%,20.17
ashford university psychology,3,473,0.63%,3.82
health and human services degree online,3,467,0.64%,15.81
ba human resources,3,464,0.65%,9.58
uagc organizational management degree,3,463,0.65%,20.18
university of arizona supply chain management,3,451,0.67%,5.83
phd in performance psychology,3,427,0.7%,12.77
online human services master's degree,3,412,0.73%,7.28
phd organizational leadership online,3,376,0.8%,47.22
uofa project management,3,369,0.81%,5.93
university of arizona marketing major,3,361,0.83%,7.08
maom degree meaning,3,342,0.88%,3.19
liberal arts online,3,335,0.9%,13.23
university of arizona online nursing program,3,316,0.95%,4.96
associates in early childhood education online,3,315,0.95%,16.4
accredited online associate degree programs,3,313,0.96%,67.88
university of arizona online masters degrees,3,309,0.97%,3.79
social and criminal justice,3,280,1.07%,5.5
psychology master's programs online,3,258,1.16%,66.61
online child development degrees,3,257,1.17%,9.69
bachelor in human resource management,3,241,1.24%,21.41
1 year online master's in human resources,3,240,1.25%,10.25
child development bachelors,3,222,1.35%,10.92
university of arizona mph online,3,221,1.36%,5.28
university of arizona mba requirements,3,217,1.38%,7.88
master's degree in finance online,3,217,1.38%,39.36
early childhood education administration degree,3,213,1.41%,10.33
real estate studies,3,213,1.41%,26.44
u of a early childhood education,3,210,1.43%,4.74
public health emphasis,3,198,1.52%,7.23
ms health informatics,3,186,1.61%,49.17
cyber security university of arizona,3,168,1.79%,5.7
online masters of human resources,3,166,1.81%,36.79
online degree child development,3,152,1.97%,7.36
master organizational management,3,143,2.1%,3.76
does asu offer associate's degrees,3,139,2.16%,8.04
uofa human resources degree,3,116,2.59%,4.58
online phd in organizational development,3,112,2.68%,6.7
uofa masters in psychology,3,90,3.33%,4.6
online masters in health analytics,3,75,4%,17.21
health and wellness degree programs online,3,74,4.05%,25.8
maom,3,47,6.38%,2.43
"prior to embarking on supply chain​ design, why do operations managers 
first consider​ make-or-buy and outsourcing​ decisions?",3,46,6.52%,15.52
criminology phd online,3,30,10%,17.7
online master's in instructional design,3,30,10%,48.03
doctorate in health psychology online,3,29,10.34%,9.52
psyd in criminal psychology,3,28,10.71%,9.61
online masters in psychology canada,3,27,11.11%,21.74
online master in hr,3,25,12%,20.6
arizona state university online associate's degree,3,23,13.04%,8.04
master's in criminal justice online,3,23,13.04%,31.7
online phd in criminology,3,21,14.29%,17.24
arizona state university associate's degree,3,20,15%,2
uagc operations management and analysis,3,20,15%,4.5
uofa masters of education,3,16,18.75%,4.44
online colleges in arizona,2,28003,0.01%,9.17
u of a online degrees,2,20809,0.01%,4.82
psychology degree,2,15833,0.01%,51.01
organizational management,2,15763,0.01%,17.15
uofa online degrees,2,13945,0.01%,4.75
bachelor of business administration,2,13618,0.01%,56.37
uacg,2,11977,0.02%,2.22
online human resources degree,2,10728,0.02%,59.44
marketing degree online,2,10713,0.02%,39.66
online master degree programs,2,10660,0.02%,74.85
masters degree online,2,8552,0.02%,77.24
criminal justice program,2,8425,0.02%,44.55
finance degree online,2,7594,0.03%,61.21
online master's degree,2,7479,0.03%,76.97
homeland security degree,2,7385,0.03%,48
online psychology masters,2,6825,0.03%,53.11
online masters degrees,2,6549,0.03%,82.72
uagu,2,6532,0.03%,2.4
bachelor of cyber security,2,5958,0.03%,34.91
uagc edu,2,5872,0.03%,1.11
online master programs,2,5478,0.04%,62.79
ua online masters,2,5329,0.04%,7.4
online mha,2,4861,0.04%,74.53
marketing degrees,2,4801,0.04%,40.21
mph degree,2,4670,0.04%,25.71
online healthcare degrees,2,4630,0.04%,46.05
degree in human resources,2,4462,0.04%,48.24
ba in business administration,2,4011,0.05%,16.44
project management bachelor degree,2,3549,0.06%,38.71
university arizona global campus,2,3546,0.06%,4.24
master of science in criminal justice,2,3525,0.06%,48.06
online masters degree in human resources,2,3283,0.06%,52.73
bachelor's in healthcare administration,2,3183,0.06%,46.35
bachelor in marketing,2,3049,0.07%,32.71
bachelors in business administration,2,2928,0.07%,27.87
bachelor of science in health information management,2,2925,0.07%,27.24
associate's degree online,2,2907,0.07%,73.11
information security degree,2,2853,0.07%,21.39
ba in early childhood education,2,2832,0.07%,17.14
online accounting degree,2,2616,0.08%,65.96
bachelor of accounting,2,2610,0.08%,35.8
www.uagc.edu,2,2384,0.08%,1.02
bachelor's degree in project management,2,2382,0.08%,39.74
bachelor's in accounting,2,2299,0.09%,39
bs in information technology,2,2296,0.09%,37.53
online doctorate in organizational leadership,2,2241,0.09%,69.11
online mba programs,2,2219,0.09%,92.03
bachelors in accounting,2,2200,0.09%,32.34
arizona online mba,2,2135,0.09%,9.28
bachelor's degree in human services,2,2068,0.1%,50.81
associates in early childhood education,2,2062,0.1%,35.28
sports psychology degree,2,2058,0.1%,55.67
master in human resources online,2,1971,0.1%,46.67
ba business administration,2,1946,0.1%,14.01
bachelor of arts healthcare administration,2,1906,0.1%,15.31
bachelors in child development online,2,1884,0.11%,24.33
university of arizona human resources,2,1852,0.11%,6.28
university of arizona criminal justice,2,1823,0.11%,7.75
online homeland security degree,2,1814,0.11%,24.86
bachelors healthcare administration,2,1752,0.11%,65.19
masters programs,2,1743,0.11%,36.13
online behavioral science degree,2,1738,0.12%,14.71
bachelor's in human resources,2,1681,0.12%,39.39
masters of human resources online,2,1658,0.12%,31.5
accounting degree,2,1534,0.13%,27.85
bachelor of child development,2,1473,0.14%,27.89
masters in special education online,2,1467,0.14%,76.52
master human services,2,1439,0.14%,14.42
bachelor child development,2,1390,0.14%,27.05
hr management degree,2,1360,0.15%,57.95
online human resources masters,2,1359,0.15%,31.81
uagc global campus,2,1345,0.15%,4.92
master of science in finance online,2,1298,0.15%,43.58
ba education,2,1278,0.16%,12.06
masters in criminal justice online,2,1277,0.16%,61
bachelor of science in homeland security and emergency management,2,1271,0.16%,37.29
arizona global university,2,1258,0.16%,2.36
hospital administration degree,2,1254,0.16%,44.2
human resources management degree,2,1248,0.16%,53.19
university of arizona masters programs,2,1231,0.16%,9.08
psychology masters online,2,1206,0.17%,57.31
bachelor of arts project management,2,1164,0.17%,2.18
online master psychology,2,1163,0.17%,47.15
online masters courses,2,1130,0.18%,49.33
mba programs in arizona,2,1117,0.18%,13.07
bachelor's in operations management,2,1113,0.18%,12.26
bachelor of science in early childhood administration,2,1078,0.19%,6.63
phd leadership online,2,1046,0.19%,68.46
criminology and justice studies,2,1033,0.19%,16.29
master of arts in psychology online,2,1027,0.19%,43.58
ms in technology management,2,1026,0.19%,10.27
bachelors of healthcare administration,2,1007,0.2%,39.53
online degree in project management,2,990,0.2%,26.57
online ma in psychology,2,989,0.2%,45.28
master degree in psychology online,2,983,0.2%,56.96
online master in psychology,2,971,0.21%,53.64
behavioral science bachelor's degree,2,907,0.22%,26.73
online early childhood education,2,897,0.22%,66.65
online liberal arts degrees,2,883,0.23%,8.88
online masters in human resource management,2,856,0.23%,18.73
university of arizona masters,2,843,0.24%,8.22
bachelor's in cyber security,2,842,0.24%,32.31
university of arizona programs,2,840,0.24%,9.48
ece associates degree,2,832,0.24%,34.6
bachelor's degrees,2,831,0.24%,46.1
masters in health psychology online,2,813,0.25%,47.86
bachelor of arts in business information systems,2,809,0.25%,3.2
masters degree in human services,2,798,0.25%,22.15
online master's degree in human services,2,788,0.25%,6.86
criminal justice colleges,2,782,0.26%,34.4
bachelor of science in cyber & data security technology,2,778,0.26%,1.81
master of arts in early childhood education leadership,2,762,0.26%,1.47
online early education degree,2,762,0.26%,64.28
degree in finance,2,757,0.26%,62.83
u of a criminal justice,2,751,0.27%,6.28
bachelor of arts human resource management,2,726,0.28%,7
university of arizona psychology,2,722,0.28%,6.38
u of a global,2,714,0.28%,1.3
masters in special education,2,701,0.29%,35.8
bachelor's in health information management,2,670,0.3%,20.29
bachelor's degree in child development online,2,661,0.3%,10.92
online phd in organizational leadership,2,655,0.31%,42.38
educational studies degree,2,642,0.31%,66.54
instructional systems design degree,2,621,0.32%,12.56
global campus arizona,2,619,0.32%,2.53
ms in human services,2,607,0.33%,25.08
business administration courses,2,603,0.33%,51.06
online masters instructional design,2,602,0.33%,38.98
online colleges for child development,2,587,0.34%,6.91
ms in finance online,2,586,0.34%,43.86
mba university of arizona,2,583,0.34%,8.3
university of arizona finance major,2,579,0.35%,7.13
online ms in finance,2,575,0.35%,45.84
masters degree in human services online,2,573,0.35%,10.14
human services master degree,2,567,0.35%,14.38
ba in marketing online,2,564,0.35%,7.63
health and human services bachelor's degree,2,543,0.37%,12.99
bachelors of arts in marketing,2,540,0.37%,4.67
phd in criminal psychology,2,539,0.37%,18.87
health informatics,2,535,0.37%,10.57
masters of human services,2,514,0.39%,28.59
bachelors health information management,2,513,0.39%,21.52
ba accounting degree,2,511,0.39%,16.51
phd in organizational leadership online,2,497,0.4%,52.95
online degree liberal arts,2,495,0.4%,6.21
maom certification,2,478,0.42%,7.68
online master of finance,2,477,0.42%,38.1
bachelors in organizational management,2,472,0.42%,3.91
master psychology,2,466,0.43%,32.09
masters in business administration,2,454,0.44%,45.96
human resources masters online,2,452,0.44%,37.82
best online schools for early childhood education,2,446,0.45%,21.14
master's in finance online,2,444,0.45%,40.14
bachelor degree child development,2,439,0.46%,29.23
ba in business admin,2,430,0.47%,5.21
bachelor degree in human resources,2,429,0.47%,49.9
bachelor online,2,427,0.47%,65.62
masters in human services online programs,2,410,0.49%,6.92
u of a nursing program,2,410,0.49%,10.31
sports psychology graduate programs,2,410,0.49%,65.55
human services masters degree,2,405,0.49%,22.11
bsn programs,2,397,0.5%,17.73
u of arizona global campus,2,392,0.51%,2
rn to bsn online arizona,2,388,0.52%,3.89
associates early childhood education,2,384,0.52%,29.08
finance masters programs online,2,378,0.53%,23.27
global university of arizona,2,374,0.53%,1.72
bachelor's degree healthcare administration,2,370,0.54%,46.42
master of arts in organizational leadership,2,366,0.55%,73.45
best online masters in finance,2,357,0.56%,46.04
online rn programs,2,353,0.57%,56.58
bachelors project management,2,352,0.57%,23.09
early childhood education leadership degree,2,347,0.58%,9.04
online master finance,2,340,0.59%,38.46
master degree psychology online,2,340,0.59%,57.9
sports psychology masters programs,2,334,0.6%,69.96
rn to bsn program arizona,2,332,0.6%,4.52
arizona university global,2,329,0.61%,1.07
online phd in criminal justice,2,329,0.61%,30.4
masters of accounting,2,328,0.61%,60.89
online bachelor degree in marketing,2,325,0.62%,15.51
university of arizona real estate major,2,324,0.62%,7.09
bachelor of arts in educational studies,2,319,0.63%,22.43
university of arizona real estate,2,317,0.63%,7.32
online masters of science in finance,2,311,0.64%,52.93
ba hr,2,309,0.65%,6.67
u of a project management,2,307,0.65%,4.91
public health masters,2,305,0.66%,10.58
online rn to bsn,2,305,0.66%,92.82
u of a bsn,2,303,0.66%,5.01
university of arizona special education,2,298,0.67%,7.09
degree emphasis,2,296,0.68%,6.31
bachelor in organizational management,2,281,0.71%,4.28
university of arizona online masters programs,2,280,0.71%,4.39
university of arizona gc,2,279,0.72%,1.01
uofa human resources,2,276,0.72%,6.86
operations management course,2,275,0.73%,38.51
early childhood education associate's degree,2,272,0.74%,22.16
compare online degrees,2,265,0.75%,3.52
online childhood development degree,2,265,0.75%,14.52
sports performance psychology,2,265,0.75%,27.78
bachelor of arts early childhood education,2,263,0.76%,15.73
bachelor of arts organizational management,2,262,0.76%,1.51
univeristy of arizona global,2,257,0.78%,1.01
health psychology phd online,2,254,0.79%,10.39
doctor of human services,2,254,0.79%,12.52
instructional design degree programs,2,251,0.8%,10.91
ashford university website,2,244,0.82%,1
masters of information systems management,2,244,0.82%,10
master of science in organizational management,2,238,0.84%,4.53
online master of human resources,2,238,0.84%,42.54
liberal arts,2,233,0.86%,24.83
hrm masters degree,2,233,0.86%,27.13
bachelor of arts in psychology,2,232,0.86%,56.13
master's degree organizational management,2,229,0.87%,1.99
cybersecurity technology degree,2,228,0.88%,8.44
mph programs,2,221,0.9%,10.52
online post baccalaureate teacher certification,2,220,0.91%,8.55
ba in early childhood education administration,2,218,0.92%,5.88
what is university of arizona global campus,2,214,0.93%,3.08
behavior science degree,2,213,0.94%,22.05
university of arizona organizational leadership,2,212,0.94%,5.33
university of arizona online mph,2,211,0.95%,6.09
instructional design online program,2,204,0.98%,9.98
accelerated sociology degree online,2,196,1.02%,10.15
1 year associate degree programs online,2,196,1.02%,44.03
post bachelor teaching certificate online,2,185,1.08%,10.45
online masters in healthcare analytics,2,180,1.11%,31.18
uofa psychology masters,2,178,1.12%,5.61
military studies degree,2,178,1.12%,9.13
university of arizon global campus,2,175,1.14%,2.03
online finance masters programs,2,173,1.16%,31.49
bs in human resource management,2,173,1.16%,54.32
university of arizona masters in finance,2,170,1.18%,4.16
mism certification,2,167,1.2%,4.8
online liberal arts courses,2,165,1.21%,11.5
doctorate in leadership,2,164,1.22%,78.17
online degree in real estate,2,163,1.23%,13.58
university of arizone global campus,2,162,1.23%,2.3
online masters in hr management,2,158,1.27%,22.08
masters hr online,2,158,1.27%,33.42
online degree in child development,2,155,1.29%,4.21
bachelor of science in cybersecurity technology,2,153,1.31%,9.09
online instructional design programs,2,150,1.33%,24.24
management information systems master,2,144,1.39%,25.59
online masters in applied psychology,2,139,1.44%,68.07
operations degree online,2,137,1.46%,7.67
what is ba in project management,2,136,1.47%,4.35
ba accounting online,2,135,1.48%,7.58
online sports psychology doctoral programs,2,132,1.52%,6.22
marketing ba degree,2,131,1.53%,5
sports psychology courses,2,131,1.53%,62.53
master's degree in human resources online,2,130,1.54%,33.55
university of arizona fully funded master’s in accounting,2,129,1.55%,8.76
organizational management courses,2,125,1.6%,7.58
real estate online degree,2,123,1.63%,10.61
doctorate criminal justice online,2,123,1.63%,23.53
online criminal justice doctoral programs,2,123,1.63%,26.07
computer software technology engineering,2,121,1.65%,5.53
post bachelor teaching certificate,2,120,1.67%,21.3
human resources master's degree online,2,120,1.67%,31.49
drone degree online,2,119,1.68%,7.5
cybersecurity university of arizona,2,117,1.71%,5.93
penekanan administrasi publik,2,117,1.71%,8.32
ua online mba,2,117,1.71%,8.87
masters of health administration,2,117,1.71%,41.5
online master's in psychology no gre,2,110,1.82%,7.14
u of a supply chain management,2,107,1.87%,5.1
university of arizona master's in education,2,106,1.89%,4.55
master of public health,2,106,1.89%,12.04
online ms psychology programs,2,106,1.89%,50.91
u of a masters online,2,104,1.92%,4.39
degrees finder,2,100,2%,33.96
online masters in organizational management,2,98,2.04%,2
arizona state university,2,93,2.15%,9.06
master's in human resource management online,2,90,2.22%,20.88
uofa finance major requirements,2,89,2.25%,5.93
associate in early childhood education online,2,89,2.25%,11.12
online real estate degree programs,2,86,2.33%,14.44
criminal justice doctorate online,2,86,2.33%,16.23
ba hr management,2,85,2.35%,7.4
healthcare administration school,2,84,2.38%,26.63
health information management online,2,84,2.38%,43.23
masters of science criminal justice,2,82,2.44%,10.67
online child development bachelor degree,2,78,2.56%,4.62
ba in early childhood education online,2,75,2.67%,13.09
university of education,2,74,2.7%,9.19
finance master degree online,2,74,2.7%,43.19
u of a real estate,2,71,2.82%,4.41
master public health,2,71,2.82%,7.83
ba educational studies,2,70,2.86%,7.93
accelerated project management degree,2,70,2.86%,22.37
master's in instructional design and technology online,2,70,2.86%,39.66
online masters accounting,2,69,2.9%,94.57
university of arizona certificates,2,65,3.08%,8.8
child development university,2,64,3.12%,17.16
compare college degrees,2,64,3.12%,18.56
best online instructional design master's programs,2,63,3.17%,49.24
online master's in psychology california,2,62,3.23%,40.71
ba operations,2,61,3.28%,4.33
bachelor in human resource,2,60,3.33%,9.75
health care management degree,2,58,3.45%,9.71
u of a masters psychology,2,56,3.57%,5.34
u of a cybersecurity,2,55,3.64%,4.15
doctorate in organizational change,2,54,3.7%,27.61
health information management bachelor's,2,49,4.08%,28.14
uofa public health masters,2,48,4.17%,4.62
degree compare,2,48,4.17%,5.79
online doctorate in criminology,2,47,4.26%,11.57
post bacc teacher certification,2,47,4.26%,34.4
human resources degree near me,2,47,4.26%,55.57
masters in performance psychology,2,45,4.44%,37.71
early childhood administration degree online,2,41,4.88%,7.88
edd organizational development,2,41,4.88%,42.54
hhs degree,2,39,5.13%,7.82
public health generalist,2,39,5.13%,9.95
best online masters in human resource management,2,38,5.26%,18.61
gen 101 developing skills & strategies for success,2,37,5.41%,6.84
bachelors in health and human services,2,37,5.41%,8.32
what is a bachelor's degree,2,37,5.41%,33.84
psyd in sports psychology,2,35,5.71%,7.51
doctorate in performance psychology,2,30,6.67%,8.7
college degree comparison,2,30,6.67%,10.3
uofa real estate,2,28,7.14%,4.46
master in technology management usa,2,26,7.69%,13.85
online master hr,2,26,7.69%,25.88
doctor of philosophy in organizational development and leadership,2,25,8%,2.6
university of arizona global campus mba accreditation,2,25,8%,4.92
military associate's degree,2,24,8.33%,7.5
college for criminal justice,2,24,8.33%,28.92
uofa social work,2,23,8.7%,6.74
online health psychology phd,2,23,8.7%,9.74
online phd criminology programs,2,23,8.7%,12.3
ms in health informatics and analytics,2,22,9.09%,4.14
online health and wellness degrees,2,22,9.09%,16.64
online master's degree in human resources management,2,19,10.53%,13
information systems online masters,2,18,11.11%,86.78
uagc phd organizational leadership,2,15,13.33%,2.87
post baccalaureate teacher certification georgia,2,14,14.29%,16.86
dba organizational leadership,2,14,14.29%,38
major comparison tool,2,13,15.38%,12.77
best sports psychology phd programs,2,13,15.38%,15.38
dba in organizational leadership and development,2,13,15.38%,23.62
masters in human resources online canada,2,12,16.67%,20.5
phd online organizational leadership,2,10,20%,46.2
uofa masters psychology,2,8,25%,4.75
criminal psychology psyd programs,2,8,25%,15.5
master of psychology online canada,2,7,28.57%,32.71
security drone pilot course,2,6,33.33%,6.83
best online colleges for teaching degrees,2,5,40%,1.6
canada online masters,2,5,40%,17.8
online hr master's programs,2,4,50%,18.75
health and wellness associates degree,2,3,66.67%,7
masters in instructional design canada,2,3,66.67%,26.33
macc programs for non accounting majors,2,2,100%,8
universities offering health informatics in usa,2,2,100%,71.5
university of arizona online,1,2130928,0%,4.37
arizona online school,1,23318,0%,7.77
university of arizona global campus login,1,19069,0.01%,3.78
online business degree,1,18356,0.01%,60.57
university arizona,1,17221,0.01%,10.9
mba degree online,1,14855,0.01%,40.53
hr degree online,1,12881,0.01%,49.76
ashford university online courses,1,12702,0.01%,4.62
online graduate programs,1,9411,0.01%,85.31
online university of arizona,1,9261,0.01%,3.6
sociology degree,1,8039,0.01%,64.01
behavioral science degree,1,7692,0.01%,28.98
human resources degree online,1,7333,0.01%,56.64
cybersecurity degree,1,7123,0.01%,68.88
university of arizona online degree,1,6713,0.01%,3.76
criminal justice programs,1,6476,0.02%,44.16
information technology degrees,1,6381,0.02%,48.71
usagc,1,6096,0.02%,3.42
liberal arts degrees,1,5700,0.02%,66.06
bachelors in healthcare administration,1,5626,0.02%,36.3
online master degree,1,5433,0.02%,69.99
bachelor of psychology online,1,5399,0.02%,89.13
ashford online university,1,5254,0.02%,2.66